ticker,title,CIK,SIC,SIC_description
BKTI,BK Technologies Corp,2186,3663,Radio & Tv Broadcasting & Communications Equipment
AMD,ADVANCED MICRO DEVICES INC,2488,3674,Semiconductors & Related Devices
SWKS,"SKYWORKS SOLUTIONS, INC.",4127,3674,Semiconductors & Related Devices
ADI,ANALOG DEVICES INC,6281,3674,Semiconductors & Related Devices
AMAT,APPLIED MATERIALS INC /DE,6951,3674,Semiconductors & Related Devices
ALOT,"AstroNova, Inc.",8146,3577,"Computer Peripheral Equipment, NEC"
ADP,AUTOMATIC DATA PROCESSING INC,8670,7374,Services-Computer Processing & Data Preparation
CACI,CACI INTERNATIONAL INC /DE/,16058,7373,Services-Computer Integrated Systems Design
CMTL,COMTECH TELECOMMUNICATIONS CORP /DE/,23197,3663,Radio & Tv Broadcasting & Communications Equipment
CTS,CTS CORP,26058,3672,Printed Circuit Boards
DBD,"DIEBOLD NIXDORF, Inc",28823,3578,Calculating & Accounting Machines (No Electronic Computers)
DIOD,DIODES INC /DEL/,29002,3674,Semiconductors & Related Devices
ESP,ESPEY MFG & ELECTRONICS CORP,33533,3679,"Electronic Components, NEC"
FELE,FRANKLIN ELECTRIC CO INC,38725,3621,Motors & Generators
HPQ,HP INC,47217,3570,Computer & office Equipment
HUBB,HUBBELL INC,48898,3670,Electronic Components & Accessories
IEHC,IEH Corp,50292,3678,Electronic Connectors
TRAK,"ReposiTrak, Inc.",50471,7374,Services-Computer Processing & Data Preparation
INTC,INTEL CORP,50863,3674,Semiconductors & Related Devices
IBM,INTERNATIONAL BUSINESS MACHINES CORP,51143,3570,Computer & office Equipment
KLIC,KULICKE & SOFFA INDUSTRIES INC,56978,3674,Semiconductors & Related Devices
LGL,LGL GROUP INC,61004,3679,"Electronic Components, NEC"
MEI,METHODE ELECTRONICS INC,65270,3678,Electronic Connectors
MVIS,"MICROVISION, INC.",65770,3679,"Electronic Components, NEC"
MSI,"Motorola Solutions, Inc.",68505,3663,Radio & Tv Broadcasting & Communications Equipment
NSSC,"NAPCO SECURITY TECHNOLOGIES, INC",69633,3669,"Communications Equipment, NEC"
VYX,NCR Voyix Corp,70866,3578,Calculating & Accounting Machines (No Electronic Computers)
AGYS,AGILYSYS INC,78749,7373,Services-Computer Integrated Systems Design
PBI,PITNEY BOWES INC /DE/,78814,3579,"Office Machines, NEC"
RSKIA,"GEORGE RISK INDUSTRIES, INC.",84112,3669,"Communications Equipment, NEC"
NEON,Neonode Inc.,87050,3679,"Electronic Components, NEC"
SMTC,SEMTECH CORP,88941,3674,Semiconductors & Related Devices
SODI,SOLITRON DEVICES INC,91668,3674,Semiconductors & Related Devices
TIKK,TEL INSTRUMENT ELECTRONICS CORP,96885,3670,Electronic Components & Accessories
TXN,TEXAS INSTRUMENTS INC,97476,3674,Semiconductors & Related Devices
VSH,VISHAY INTERTECHNOLOGY INC,103730,3670,Electronic Components & Accessories
WDC,WESTERN DIGITAL CORP,106040,3572,Computer Storage Devices
WWD,"Woodward, Inc.",108312,3620,Electrical Industrial Apparatus
PSN,PARSONS CORP,275880,7373,Services-Computer Integrated Systems Design
OMQS,OMNIQ Corp.,278165,7373,Services-Computer Integrated Systems Design
TLS,TELOS CORP,320121,7373,Services-Computer Integrated Systems Design
AAPL,Apple Inc.,320193,3571,Electronic Computers
CSPI,CSP INC /MA/,356037,7373,Services-Computer Integrated Systems Design
PAR,PAR TECHNOLOGY CORP,708821,3578,Calculating & Accounting Machines (No Electronic Computers)
QMCO,QUANTUM CORP /DE/,709283,3572,Computer Storage Devices
EA,ELECTRONIC ARTS INC.,712515,7372,Services-Prepackaged Software
ERIC,ERICSSON LM TELEPHONE CO,717826,3663,Radio & Tv Broadcasting & Communications Equipment
KTCC,KEY TRONIC CORP,719733,3672,Printed Circuit Boards
NSYS,NORTECH SYSTEMS INC,722313,3679,"Electronic Components, NEC"
FKWL,FRANKLIN WIRELESS CORP,722572,3661,Telephone & Telegraph Apparatus
MU,MICRON TECHNOLOGY INC,723125,3674,Semiconductors & Related Devices
NVEC,NVE CORP /NEW/,724910,3674,Semiconductors & Related Devices
BELFA,BEL FUSE INC /NJ,729580,3677,"Electronic Coils, Transformers & Other Inductors"
RAMP,"LiveRamp Holdings, Inc.",733269,7374,Services-Computer Processing & Data Preparation
INTZ,INTRUSION INC,736012,3576,Computer Communications Equipment
RFIL,R F INDUSTRIES LTD,740664,3678,Electronic Connectors
OBLG,"Oblong, Inc.",746210,7370,"Services-Computer Programming, Data Processing, Etc."
UIS,UNISYS CORP,746838,7373,Services-Computer Integrated Systems Design
RCAT,"Red Cat Holdings, Inc.",748268,7372,Services-Prepackaged Software
LNW,"Light & Wonder, Inc.",750004,7373,Services-Computer Integrated Systems Design
VICR,VICOR CORP,751978,3679,"Electronic Components, NEC"
ADSK,"Autodesk, Inc.",769397,7372,Services-Prepackaged Software
KOPN,KOPIN CORP,771266,3674,Semiconductors & Related Devices
CRUS,"CIRRUS LOGIC, INC.",772406,3674,Semiconductors & Related Devices
JKHY,JACK HENRY & ASSOCIATES INC,779152,7373,Services-Computer Integrated Systems Design
PLXS,PLEXUS CORP,785786,3672,Printed Circuit Boards
MSFT,MICROSOFT CORP,789019,7372,Services-Prepackaged Software
CONC,CONECTISYS CORP,790273,3663,Radio & Tv Broadcasting & Communications Equipment
ADBE,ADOBE INC.,796343,7372,Services-Prepackaged Software
CLFD,"Clearfield, Inc.",796505,3661,Telephone & Telegraph Apparatus
VBIX,Viewbix Inc.,797542,7372,Services-Prepackaged Software
MITI,"Mitesco, Inc.",802257,7370,"Services-Computer Programming, Data Processing, Etc."
AIFF,"FIREFLY NEUROSCIENCE, INC.",803578,7372,Services-Prepackaged Software
QCOM,QUALCOMM INC/DE,804328,3663,Radio & Tv Broadcasting & Communications Equipment
MITK,MITEK SYSTEMS INC,807863,3577,"Computer Peripheral Equipment, NEC"
PLAB,PHOTRONICS INC,810136,3674,Semiconductors & Related Devices
CDNS,CADENCE DESIGN SYSTEMS INC,813672,7372,Services-Prepackaged Software
TDC,TERADATA CORP /DE/,816761,7372,Services-Prepackaged Software
SYNA,SYNAPTICS Inc,817720,3674,Semiconductors & Related Devices
APH,AMPHENOL CORP /DE/,820313,3678,Electronic Connectors
MCHP,MICROCHIP TECHNOLOGY INC,827054,3674,Semiconductors & Related Devices
LINK,INTERLINK ELECTRONICS INC,828146,3577,"Computer Peripheral Equipment, NEC"
SCIA,"SCI Engineered Materials, Inc.",830616,3620,Electrical Industrial Apparatus
EAXR,"Ealixir, Inc.",832370,7372,Services-Prepackaged Software
POWI,POWER INTEGRATIONS INC,833640,3674,Semiconductors & Related Devices
ISSC,INNOVATIVE SOLUTIONS & SUPPORT INC,836690,7371,Services-Computer Programming Services
CLRO,CLEARONE INC,840715,3661,Telephone & Telegraph Apparatus
BNSOF,BONSO ELECTRONICS INTERNATIONAL INC,846546,3679,"Electronic Components, NEC"
GEN,Gen Digital Inc.,849399,7372,Services-Prepackaged Software
HLIT,HARMONIC INC.,851310,3663,Radio & Tv Broadcasting & Communications Equipment
DGII,DIGI INTERNATIONAL INC,854775,3576,Computer Communications Equipment
LSCC,LATTICE SEMICONDUCTOR CORP,855658,3674,Semiconductors & Related Devices
PTC,PTC INC.,857005,7372,Services-Prepackaged Software
CSCO,"CISCO SYSTEMS, INC.",858877,3576,Computer Communications Equipment
TYL,TYLER TECHNOLOGIES INC,860731,7372,Services-Prepackaged Software
BHE,BENCHMARK ELECTRONICS INC,863436,3672,Printed Circuit Boards
ALGM,"ALLEGRO MICROSYSTEMS, INC.",866291,3674,Semiconductors & Related Devices
FLEX,FLEX LTD.,866374,3672,Printed Circuit Boards
DPLS,"DarkPulse, Inc.",866439,7372,Services-Prepackaged Software
ESE,ESCO TECHNOLOGIES INC,866706,3669,"Communications Equipment, NEC"
PRGS,PROGRESS SOFTWARE CORP /MA,876167,7372,Services-Prepackaged Software
MGIC,MAGIC SOFTWARE ENTERPRISES LTD,876779,7372,Services-Prepackaged Software
AMSC,AMERICAN SUPERCONDUCTOR CORP /DE/,880807,3621,Motors & Generators
QUIK,QUICKLOGIC Corp,882508,3674,Semiconductors & Related Devices
SNPS,SYNOPSYS INC,883241,7372,Services-Prepackaged Software
ASUR,ASURE SOFTWARE INC,884144,7373,Services-Computer Integrated Systems Design
SPNS,SAPIENS INTERNATIONAL CORP N V,885740,7372,Services-Prepackaged Software
FCEL,FUELCELL ENERGY INC,886128,3620,Electrical Industrial Apparatus
LPTH,LIGHTPATH TECHNOLOGIES INC,889971,3674,Semiconductors & Related Devices
PRSO,Peraso Inc.,890394,3674,Semiconductors & Related Devices
MTCH,"Match Group, Inc.",891103,7370,"Services-Computer Programming, Data Processing, Etc."
GRHI,"GOLD ROCK HOLDINGS, INC.",894501,7373,Services-Computer Integrated Systems Design
WOLF,"WOLFSPEED, INC.",895419,3674,Semiconductors & Related Devices
CTLP,"CANTALOUPE, INC.",896429,3578,Calculating & Accounting Machines (No Electronic Computers)
INTU,INTUIT INC.,896878,7372,Services-Prepackaged Software
KOAN,"Resonate Blends, Inc.",897078,7372,Services-Prepackaged Software
GILT,GILAT SATELLITE NETWORKS LTD,897322,3663,Radio & Tv Broadcasting & Communications Equipment
SANM,SANMINA CORP,897723,3672,Printed Circuit Boards
JBL,JABIL INC,898293,3672,Printed Circuit Boards
INOD,INNODATA INC,903651,7374,Services-Computer Processing & Data Preparation
TCX,TUCOWS INC /PA/,909494,7374,Services-Computer Processing & Data Preparation
DDD,3D SYSTEMS CORP,910638,7372,Services-Prepackaged Software
VIAV,VIAVI SOLUTIONS INC.,912093,3674,Semiconductors & Related Devices
PRKR,PARKERVISION INC,914139,3663,Radio & Tv Broadcasting & Communications Equipment
SILC,SILICOM LTD.,916793,3576,Computer Communications Equipment
RMBS,RAMBUS INC,917273,3674,Semiconductors & Related Devices
FALC,FALCONSTOR SOFTWARE INC,922521,7372,Services-Prepackaged Software
NOK,NOKIA CORP,924613,3663,Radio & Tv Broadcasting & Communications Equipment
ADTN,"ADTRAN Holdings, Inc.",926282,3661,Telephone & Telegraph Apparatus
OMCL,"OMNICELL, INC.",926326,3571,Electronic Computers
AEIS,ADVANCED ENERGY INDUSTRIES INC,927003,3679,"Electronic Components, NEC"
TSEM,TOWER SEMICONDUCTOR LTD,928876,3674,Semiconductors & Related Devices
EAF,GRAFTECH INTERNATIONAL LTD,931148,3620,Electrical Industrial Apparatus
GTLL,GLOBAL TECHNOLOGIES LTD,932021,3663,Radio & Tv Broadcasting & Communications Equipment
NSIT,INSIGHT ENTERPRISES INC,932696,5961,Retail-Catalog & Mail-Order Houses
STM,STMicroelectronics N.V.,932787,3674,Semiconductors & Related Devices
SCWO,374Water Inc.,933972,3621,Motors & Generators
ACIW,"ACI WORLDWIDE, INC.",935036,7372,Services-Prepackaged Software
CIEN,CIENA CORP,936395,3661,Telephone & Telegraph Apparatus
WHEN,"WORLD HEALTH ENERGY HOLDINGS, INC.",943535,7372,Services-Prepackaged Software
SCKT,"SOCKET MOBILE, INC.",944075,3571,Electronic Computers
TTWO,TAKE TWO INTERACTIVE SOFTWARE INC,946581,7372,Services-Prepackaged Software
SMSI,"SMITH MICRO SOFTWARE, INC.",948708,7372,Services-Prepackaged Software
SAP,SAP SE,1000184,7372,Services-Prepackaged Software
NTAP,"NetApp, Inc.",1002047,3572,Computer Storage Devices
OTEX,OPEN TEXT CORP,1002638,7373,Services-Computer Integrated Systems Design
NICE,NICE Ltd.,1003935,7372,Services-Prepackaged Software
OLED,UNIVERSAL DISPLAY CORP PA,1005284,3670,Electronic Components & Accessories
BOSC,BOS BETTER ONLINE SOLUTIONS LTD,1005516,3576,Computer Communications Equipment
CSGS,CSG SYSTEMS INTERNATIONAL INC,1005757,7374,Services-Computer Processing & Data Preparation
FDS,FACTSET RESEARCH SYSTEMS INC,1013237,7370,"Services-Computer Programming, Data Processing, Etc."
PEGA,PEGASYSTEMS INC,1013857,7374,Services-Computer Processing & Data Preparation
DTGI,"Digerati Technologies, Inc.",1014052,7374,Services-Computer Processing & Data Preparation
VRSN,VERISIGN INC/CA,1014473,7371,Services-Computer Programming Services
AWRE,AWARE INC /MA/,1015739,7372,Services-Prepackaged Software
CHKP,CHECK POINT SOFTWARE TECHNOLOGIES LTD,1015922,7372,Services-Prepackaged Software
RDCM,RADCOM LTD,1016838,3577,"Computer Peripheral Equipment, NEC"
TACT,TRANSACT TECHNOLOGIES INC,1017303,3577,"Computer Peripheral Equipment, NEC"
AMZN,AMAZON COM INC,1018724,5961,Retail-Catalog & Mail-Order Houses
BKYI,BIO KEY INTERNATIONAL INC,1019034,7372,Services-Prepackaged Software
SDCH,"SideChannel, Inc.",1022505,7374,Services-Computer Processing & Data Preparation
INSG,INSEEGO CORP.,1022652,3669,"Communications Equipment, NEC"
SLP,"Simulations Plus, Inc.",1023459,7373,Services-Computer Integrated Systems Design
EGHT,8X8 INC /DE/,1023731,7374,Services-Computer Processing & Data Preparation
ELTK,ELTEK LTD,1024672,3672,Printed Circuit Boards
UTSI,UTSTARCOM HOLDINGS CORP.,1030471,3669,"Communications Equipment, NEC"
CLS,CELESTICA INC,1030894,3672,Printed Circuit Boards
BSY,BENTLEY SYSTEMS INC,1031308,7372,Services-Prepackaged Software
LOGI,LOGITECH INTERNATIONAL S.A.,1032975,3577,"Computer Peripheral Equipment, NEC"
UMC,UNITED MICROELECTRONICS CORP,1033767,3674,Semiconductors & Related Devices
WYY,WIDEPOINT CORP,1034760,7373,Services-Computer Integrated Systems Design
MINBY,MINEBEA MITSUMI Inc.,1034983,3670,Electronic Components & Accessories
INVE,"Identiv, Inc.",1036044,3577,"Computer Peripheral Equipment, NEC"
SLAB,SILICON LABORATORIES INC.,1038074,3674,Semiconductors & Related Devices
OSIS,OSI SYSTEMS INC,1039065,3674,Semiconductors & Related Devices
NTWK,NETSOL TECHNOLOGIES INC,1039280,7372,Services-Prepackaged Software
FORM,FORMFACTOR INC,1039399,3674,Semiconductors & Related Devices
PXLW,"PIXELWORKS, INC",1040161,3674,Semiconductors & Related Devices
IDN,"Intellicheck, Inc.",1040896,7372,Services-Prepackaged Software
OSPN,OneSpan Inc.,1044777,7373,Services-Computer Integrated Systems Design
NVDA,NVIDIA CORP,1045810,3674,Semiconductors & Related Devices
TRCK,"Track Group, Inc.",1045942,3669,"Communications Equipment, NEC"
FORTY,FORMULA SYSTEMS (1985) LTD,1045986,7371,Services-Computer Programming Services
TSM,TAIWAN SEMICONDUCTOR MANUFACTURING CO LTD,1046179,3674,Semiconductors & Related Devices
AMKR,"AMKOR TECHNOLOGY, INC.",1047127,3674,Semiconductors & Related Devices
FFIV,"F5, INC.",1048695,3576,Computer Communications Equipment
MRCY,MERCURY SYSTEMS INC,1049521,3670,Electronic Components & Accessories
DSGX,DESCARTES SYSTEMS GROUP INC,1050140,7372,Services-Prepackaged Software
CNXN,PC CONNECTION INC,1050377,5961,Retail-Catalog & Mail-Order Houses
AXTI,AXT INC,1051627,3674,Semiconductors & Related Devices
MANH,MANHATTAN ASSOCIATES INC,1056696,7372,Services-Prepackaged Software
CTSH,COGNIZANT TECHNOLOGY SOLUTIONS CORP,1058290,7371,Services-Computer Programming Services
IMMR,IMMERSION CORP,1058811,3577,"Computer Peripheral Equipment, NEC"
NGCG,"New Generation Consumer Group, Inc.",1061040,7371,Services-Computer Programming Services
JPOTF,Jackpot Digital Inc.,1061612,7372,Services-Prepackaged Software
AOMFF,ALSTOM,1062066,3621,Motors & Generators
DOX,AMDOCS LTD,1062579,7371,Services-Computer Programming Services
EGAN,EGAIN Corp,1066194,7372,Services-Prepackaged Software
INFY,Infosys Ltd,1067491,7371,Services-Computer Programming Services
ATDS,"Data443 Risk Mitigation, Inc.",1068689,7372,Services-Prepackaged Software
APCX,AppTech Payments Corp.,1070050,7372,Services-Prepackaged Software
BB,BLACKBERRY Ltd,1070235,7372,Services-Prepackaged Software
NTCT,NETSCOUT SYSTEMS INC,1078075,7373,Services-Computer Integrated Systems Design
EXTR,EXTREME NETWORKS INC,1078271,3576,Computer Communications Equipment
INLX,"INTELLINETICS, INC.",1081745,7372,Services-Prepackaged Software
VISM,"VISIUM TECHNOLOGIES, INC.",1082733,7371,Services-Computer Programming Services
MMTIF,MICROMEM TECHNOLOGIES INC,1085921,7371,Services-Computer Programming Services
AUDC,AUDIOCODES LTD,1086434,3661,Telephone & Telegraph Apparatus
MTLS,MATERIALISE NV,1091223,7372,Services-Prepackaged Software
SPSC,SPS COMMERCE INC,1092699,7372,Services-Prepackaged Software
PLUG,PLUG POWER INC,1093691,3620,Electrical Industrial Apparatus
SIFY,SIFY TECHNOLOGIES LTD,1094324,7370,"Services-Computer Programming, Data Processing, Etc."
HSTM,HEALTHSTREAM INC,1095565,7370,"Services-Computer Programming, Data Processing, Etc."
ON,ON SEMICONDUCTOR CORP,1097864,3674,Semiconductors & Related Devices
MTLK,METALINK LTD,1098462,3674,Semiconductors & Related Devices
DSNY,DESTINY MEDIA TECHNOLOGIES INC,1099369,7372,Services-Prepackaged Software
LPSN,LIVEPERSON INC,1102993,7372,Services-Prepackaged Software
VRME,"VerifyMe, Inc.",1104038,7373,Services-Computer Integrated Systems Design
GIGM,GIGAMEDIA Ltd,1105101,7370,"Services-Computer Programming, Data Processing, Etc."
IFNNY,INFINEON TECHNOLOGIES AG,1107457,3674,Semiconductors & Related Devices
QLYS,"QUALYS, INC.",1107843,7372,Services-Prepackaged Software
CRM,"Salesforce, Inc.",1108524,7372,Services-Prepackaged Software
ONTF,ON24 INC.,1110611,7372,Services-Prepackaged Software
NTES,"NetEase, Inc.",1110646,7372,Services-Prepackaged Software
IPGP,IPG PHOTONICS CORP,1111928,3674,Semiconductors & Related Devices
LTRX,LANTRONIX INC,1114925,3576,Computer Communications Equipment
UMEWF,UMeWorld Inc.,1114936,7372,Services-Prepackaged Software
PI,IMPINJ INC,1114995,3679,"Electronic Components, NEC"
TTMI,TTM TECHNOLOGIES INC,1116942,3672,Printed Circuit Boards
MNDO,MIND CTI LTD,1119083,7371,Services-Computer Programming Services
CRNT,CERAGON NETWORKS LTD,1119769,3663,Radio & Tv Broadcasting & Communications Equipment
PDFS,PDF SOLUTIONS INC,1120914,7372,Services-Prepackaged Software
GHST,GHST World Inc.,1121795,7372,Services-Prepackaged Software
ASX,"ASE Technology Holding Co., Ltd.",1122411,3674,Semiconductors & Related Devices
NTGR,"NETGEAR, INC.",1122904,3661,Telephone & Telegraph Apparatus
IMOS,CHIPMOS TECHNOLOGIES INC,1123134,3674,Semiconductors & Related Devices
WIT,WIPRO LTD,1123799,7371,Services-Computer Programming Services
LASR,"NLIGHT, INC.",1124796,3674,Semiconductors & Related Devices
GSIT,GSI TECHNOLOGY INC,1126741,3674,Semiconductors & Related Devices
SIPN,"SIPP International Industries, Inc.",1128252,3663,Radio & Tv Broadcasting & Communications Equipment
BBBY,"BED BATH & BEYOND, INC.",1130713,5961,Retail-Catalog & Mail-Order Houses
SNCR,SYNCHRONOSS TECHNOLOGIES INC,1131554,7371,Services-Computer Programming Services
FCCN,SPECTRAL CAPITAL Corp,1131903,7374,Services-Computer Processing & Data Preparation
STX,Seagate Technology Holdings plc,1137789,3572,Computer Storage Devices
ASNS,ACTELIS NETWORKS INC,1141284,3669,"Communications Equipment, NEC"
APLD,Applied Digital Corp.,1144879,7374,Services-Computer Processing & Data Preparation
AAOI,"APPLIED OPTOELECTRONICS, INC.",1158114,3674,Semiconductors & Related Devices
ATEYY,ADVANTEST CORP,1158838,3674,Semiconductors & Related Devices
NJDCY,NIDEC CORP,1158967,3621,Motors & Generators
VRNT,VERINT SYSTEMS INC,1166388,7373,Services-Computer Integrated Systems Design
TBRG,"TruBridge, Inc.",1169445,7371,Services-Computer Programming Services
CVLT,COMMVAULT SYSTEMS INC,1169561,7372,Services-Prepackaged Software
CEVA,CEVA INC,1173489,7370,"Services-Computer Programming, Data Processing, Etc."
SONM,SONIM TECHNOLOGIES INC,1178697,3661,Telephone & Telegraph Apparatus
FA,FIRST ADVANTAGE CORP,1210677,7374,Services-Computer Processing & Data Preparation
MYSZ,"My Size, Inc.",1211805,7372,Services-Prepackaged Software
QVCD,QVC INC,1254699,5961,Retail-Catalog & Mail-Order Houses
DOCU,"DOCUSIGN, INC.",1261333,7372,Services-Prepackaged Software
FTNT,"Fortinet, Inc.",1262039,3577,"Computer Peripheral Equipment, NEC"
AIRG,AIRGAIN INC,1272842,3663,Radio & Tv Broadcasting & Communications Equipment
FSLR,"FIRST SOLAR, INC.",1274494,3674,Semiconductors & Related Devices
UCTT,"Ultra Clean Holdings, Inc.",1275014,3674,Semiconductors & Related Devices
BLKB,BLACKBAUD INC,1280058,7372,Services-Prepackaged Software
AMBA,AMBARELLA INC,1280263,3674,Semiconductors & Related Devices
MPWR,MONOLITHIC POWER SYSTEMS INC,1280452,3674,Semiconductors & Related Devices
NLST,NETLIST INC,1282631,3674,Semiconductors & Related Devices
ITMSF,INTERMAP TECHNOLOGIES CORP,1285170,7374,Services-Computer Processing & Data Preparation
LZ,"LEGALZOOM.COM, INC.",1286139,7374,Services-Computer Processing & Data Preparation
MXL,"MAXLINEAR, INC",1288469,3674,Semiconductors & Related Devices
FIVN,"Five9, Inc.",1288847,7374,Services-Computer Processing & Data Preparation
AIPG,AI Technology Group Inc.,1289047,3621,Motors & Generators
LPL,"LG Display Co., Ltd.",1290109,3679,"Electronic Components, NEC"
ITOX,"IIOT-OXYS, Inc.",1290658,7372,Services-Prepackaged Software
SPCB,SuperCom Ltd,1291855,3674,Semiconductors & Related Devices
SYIN,"Synbio International, Inc.",1292490,7374,Services-Computer Processing & Data Preparation
GRVY,"GRAVITY Co., Ltd.",1313310,7374,Services-Computer Processing & Data Preparation
RBLX,Roblox Corp,1315098,7372,Services-Prepackaged Software
PLTR,Palantir Technologies Inc.,1321655,7372,Services-Prepackaged Software
MX,MAGNACHIP SEMICONDUCTOR Corp,1325702,3674,Semiconductors & Related Devices
META,"Meta Platforms, Inc.",1326801,7370,"Services-Computer Programming, Data Processing, Etc."
TRUE,"TrueCar, Inc.",1327318,7370,"Services-Computer Programming, Data Processing, Etc."
PANW,Palo Alto Networks Inc,1327567,3577,"Computer Peripheral Equipment, NEC"
OOMA,OOMA INC,1327688,7374,Services-Computer Processing & Data Preparation
WDAY,"Workday, Inc.",1327811,7374,Services-Computer Processing & Data Preparation
BIDU,"Baidu, Inc.",1329099,7370,"Services-Computer Programming, Data Processing, Etc."
SIMO,Silicon Motion Technology CORP,1329394,3674,Semiconductors & Related Devices
LEDS,SemiLEDs Corp,1333822,3674,Semiconductors & Related Devices
LDOS,"Leidos Holdings, Inc.",1336920,7373,Services-Computer Integrated Systems Design
PERI,Perion Network Ltd.,1338940,7371,Services-Computer Programming Services
DRTTF,DIRTT ENVIRONMENTAL SOLUTIONS LTD,1340476,7372,Services-Prepackaged Software
ORCL,ORACLE CORP,1341439,7372,Services-Prepackaged Software
HIMX,"Himax Technologies, Inc.",1342338,3674,Semiconductors & Related Devices
DGLY,"DIGITAL ALLY, INC.",1342958,3663,Radio & Tv Broadcasting & Communications Equipment
TOGI,"TurnOnGreen, Inc.",1349706,3620,Electrical Industrial Apparatus
ASTI,"Ascent Solar Technologies, Inc.",1350102,3674,Semiconductors & Related Devices
SSTI,"SOUNDTHINKING, INC.",1351636,7372,Services-Prepackaged Software
EPAM,"EPAM Systems, Inc.",1352010,7371,Services-Computer Programming Services
QVCGA,"QVC Group, Inc.",1355096,5961,Retail-Catalog & Mail-Order Houses
IPM,INTELLIGENT PROTECTION MANAGEMENT CORP.,1355839,7370,"Services-Computer Programming, Data Processing, Etc."
CREX,"CREATIVE REALITIES, INC.",1356093,7373,Services-Computer Integrated Systems Design
WFCF,"Where Food Comes From, Inc.",1360565,7372,Services-Prepackaged Software
VRNS,VARONIS SYSTEMS INC,1361113,7372,Services-Prepackaged Software
AEYE,AUDIOEYE INC,1362190,7372,Services-Prepackaged Software
ALLT,Allot Ltd.,1365767,3576,Computer Communications Equipment
BOX,BOX INC,1372612,7372,Services-Prepackaged Software
NOW,"ServiceNow, Inc.",1373715,7372,Services-Prepackaged Software
SMCI,"Super Micro Computer, Inc.",1375365,3571,Electronic Computers
MLRT,"Metalert, Inc.",1375793,3663,Radio & Tv Broadcasting & Communications Equipment
CSIQ,Canadian Solar Inc.,1375877,3674,Semiconductors & Related Devices
VPRB,"VPR Brands, LP.",1376231,7372,Services-Prepackaged Software
CNET,ZW Data Action Technologies Inc.,1376321,7370,"Services-Computer Programming, Data Processing, Etc."
CRVW,CareView Communications Inc,1377149,3663,Radio & Tv Broadcasting & Communications Equipment
AVNW,"AVIAT NETWORKS, INC.",1377789,3663,Radio & Tv Broadcasting & Communications Equipment
BLIN,"Bridgeline Digital, Inc.",1378590,7372,Services-Prepackaged Software
GOGR,Go Green Global Technologies Corp.,1378866,3677,"Electronic Coils, Transformers & Other Inductors"
RTCJF,Baijiayun Group Ltd,1381074,7372,Services-Prepackaged Software
CYCA,CYTTA CORP.,1383088,7372,Services-Prepackaged Software
SQNS,SEQUANS COMMUNICATIONS,1383395,3674,Semiconductors & Related Devices
RDAR,"Telvantis, Inc.",1384365,7371,Services-Computer Programming Services
RNG,"RingCentral, Inc.",1384905,7374,Services-Computer Processing & Data Preparation
BYOC,"Beyond Commerce, Inc.",1386049,7374,Services-Computer Processing & Data Preparation
AOSL,ALPHA & OMEGA SEMICONDUCTOR Ltd,1387467,3674,Semiconductors & Related Devices
ONEI,OneMeta Inc.,1388295,7374,Services-Computer Processing & Data Preparation
PRO,"PROS Holdings, Inc.",1392972,7371,Services-Computer Programming Services
VEEV,VEEVA SYSTEMS INC,1393052,7372,Services-Prepackaged Software
OSS,"ONE STOP SYSTEMS, INC.",1394056,3571,Electronic Computers
DUOT,"DUOS TECHNOLOGIES GROUP, INC.",1396536,7372,Services-Prepackaged Software
IVDA,"Iveda Solutions, Inc.",1397183,7372,Services-Prepackaged Software
BEEM,Beam Global,1398805,3674,Semiconductors & Related Devices
CDW,CDW Corp,1402057,5961,Retail-Catalog & Mail-Order Houses
ELRA,"ELRAY RESOURCES, INC.",1402371,7372,Services-Prepackaged Software
SSNC,SS&C Technologies Holdings Inc,1402436,7372,Services-Prepackaged Software
HUBS,HUBSPOT INC,1404655,7372,Services-Prepackaged Software
FN,Fabrinet,1408710,3661,Telephone & Telegraph Apparatus
RBCN,"Rubicon Technology, Inc.",1410172,3674,Semiconductors & Related Devices
QTWO,"Q2 Holdings, Inc.",1410384,7372,Services-Prepackaged Software
VPLM,Voip-pal.com Inc,1410738,3661,Telephone & Telegraph Apparatus
NXPI,NXP Semiconductors N.V.,1413447,3674,Semiconductors & Related Devices
SEDG,"SOLAREDGE TECHNOLOGIES, INC.",1419612,3674,Semiconductors & Related Devices
DTST,Data Storage Corp,1419951,7374,Services-Computer Processing & Data Preparation
ATOM,Atomera Inc,1420520,3674,Semiconductors & Related Devices
PTOP,Peer To Peer Network,1421981,7373,Services-Computer Integrated Systems Design
PUBM,"PubMatic, Inc.",1422930,7370,"Services-Computer Programming, Data Processing, Etc."
KLTR,KALTURA INC,1432133,7372,Services-Prepackaged Software
APPF,APPFOLIO INC,1433195,7372,Services-Prepackaged Software
CETX,CEMTREX INC,1435064,3670,Electronic Components & Accessories
PWDY,"POWERDYNE INTERNATIONAL, INC.",1435617,7374,Services-Computer Processing & Data Preparation
RPMT,"REGO PAYMENT ARCHITECTURES, INC.",1437283,7372,Services-Prepackaged Software
POET,POET TECHNOLOGIES INC.,1437424,3674,Semiconductors & Related Devices
CLOQ,"CYBERLOQ TECHNOLOGIES, INC.",1437517,7372,Services-Prepackaged Software
GMGI,"Golden Matrix Group, Inc.",1437925,7372,Services-Prepackaged Software
DMRC,Digimarc CORP,1438231,7373,Services-Computer Integrated Systems Design
MRAM,EVERSPIN TECHNOLOGIES INC.,1438423,3674,Semiconductors & Related Devices
APPN,APPIAN CORP,1441683,7372,Services-Prepackaged Software
MDB,"MongoDB, Inc.",1441816,7372,Services-Prepackaged Software
VRSK,"Verisk Analytics, Inc.",1442145,7374,Services-Computer Processing & Data Preparation
WK,WORKIVA INC,1445305,7372,Services-Prepackaged Software
MFON,MOBIVITY HOLDINGS CORP.,1447380,7372,Services-Prepackaged Software
TWLO,TWILIO INC,1447669,7372,Services-Prepackaged Software
SITM,SITIME Corp,1451809,3674,Semiconductors & Related Devices
BLDP,Ballard Power Systems Inc.,1453015,3620,Electrical Industrial Apparatus
GMER,"GOOD GAMING, INC.",1454742,7372,Services-Prepackaged Software
TEAD,Teads Holding Co.,1454938,7370,"Services-Computer Programming, Data Processing, Etc."
ALRM,"Alarm.com Holdings, Inc.",1459200,7372,Services-Prepackaged Software
BLZE,"Backblaze, Inc.",1462056,7372,Services-Prepackaged Software
NIXX,"Nixxy, Inc.",1462223,7371,Services-Computer Programming Services
ENPH,"Enphase Energy, Inc.",1463101,3674,Semiconductors & Related Devices
VUZI,Vuzix Corp,1463972,3663,Radio & Tv Broadcasting & Communications Equipment
DBX,"DROPBOX, INC.",1467623,7372,Services-Prepackaged Software
FIEE,"FiEE, Inc.",1467761,3661,Telephone & Telegraph Apparatus
SITS,"SOUTHERN ITS INTERNATIONAL, INC.",1468978,7372,Services-Prepackaged Software
PSTG,"Pure Storage, Inc.",1474432,3572,Computer Storage Devices
GNRC,GENERAC HOLDINGS INC.,1474735,3621,Motors & Generators
EB,"Eventbrite, Inc.",1475115,7370,"Services-Computer Programming, Data Processing, Etc."
EXFY,"Expensify, Inc.",1476840,7372,Services-Prepackaged Software
NET,"Cloudflare, Inc.",1477333,7372,Services-Prepackaged Software
DQ,DAQO NEW ENERGY CORP.,1477641,3674,Semiconductors & Related Devices
ASAN,"Asana, Inc.",1477720,7372,Services-Prepackaged Software
CCTC,Catalyst Crew Technologies Corp.,1477960,7370,"Services-Computer Programming, Data Processing, Etc."
HYSR,"SUNHYDROGEN, INC.",1481028,3674,Semiconductors & Related Devices
JKS,"JinkoSolar Holding Co., Ltd.",1481513,3674,Semiconductors & Related Devices
HFUS,"Hartford Creative Group, Inc.",1482554,7374,Services-Computer Processing & Data Preparation
TDUP,ThredUp Inc.,1484778,5961,Retail-Catalog & Mail-Order Houses
FRZT,"Freeze Tag, Inc.",1485074,7372,Services-Prepackaged Software
VPG,"Vishay Precision Group, Inc.",1487952,3670,Electronic Components & Accessories
THR,"Thermon Group Holdings, Inc.",1489096,3620,Electrical Industrial Apparatus
MTSI,"MACOM Technology Solutions Holdings, Inc.",1493594,3674,Semiconductors & Related Devices
TBCH,Turtle Beach Corp,1493761,3669,"Communications Equipment, NEC"
CARG,"CarGurus, Inc.",1494259,7374,Services-Computer Processing & Data Preparation
FYNN,Fyntechnical Innovations Inc,1497230,7374,Services-Computer Processing & Data Preparation
CTGL,"CITRINE GLOBAL, CORP.",1498067,7372,Services-Prepackaged Software
AITX,Artificial Intelligence Technology Solutions Inc.,1498148,7372,Services-Prepackaged Software
IWAL,iWallet Corp,1498372,3669,"Communications Equipment, NEC"
AMBQ,"Ambiq Micro, Inc.",1500412,3674,Semiconductors & Related Devices
UPLD,"Upland Software, Inc.",1505155,7372,Services-Prepackaged Software
DOMO,"DOMO, INC.",1505952,7372,Services-Prepackaged Software
PINS,"PINTEREST, INC.",1506293,7370,"Services-Computer Programming, Data Processing, Etc."
IPWR,Ideal Power Inc.,1507957,3674,Semiconductors & Related Devices
VNET,"VNET Group, Inc.",1508475,7370,"Services-Computer Programming, Data Processing, Etc."
MTBLY,"Moatable, Inc.",1509223,7372,Services-Prepackaged Software
XNET,Xunlei Ltd,1510593,7372,Services-Prepackaged Software
UI,Ubiquiti Inc.,1511737,3663,Radio & Tv Broadcasting & Communications Equipment
XYZ,"Block, Inc.",1512673,7372,Services-Prepackaged Software
NBIS,Nebius Group N.V.,1513845,7370,"Services-Computer Programming, Data Processing, Etc."
TESI,Titan Environmental Solutions Inc.,1514056,7371,Services-Computer Programming Services
BAND,Bandwidth Inc.,1514416,7372,Services-Prepackaged Software
DOCS,"Doximity, Inc.",1516513,7371,Services-Computer Programming Services
COMM,"CommScope Holding Company, Inc.",1517228,3663,Radio & Tv Broadcasting & Communications Equipment
SPT,"Sprout Social, Inc.",1517375,7372,Services-Prepackaged Software
JFIL,"Jubilant Flame International, Ltd",1517389,7371,Services-Computer Programming Services
SSYS,STRATASYS LTD.,1517396,3577,"Computer Peripheral Equipment, NEC"
FSLY,"Fastly, Inc.",1517413,7372,Services-Prepackaged Software
AMPG,"AmpliTech Group, Inc.",1518461,3669,"Communications Equipment, NEC"
MQ,"Marqeta, Inc.",1522540,7372,Services-Prepackaged Software
LITB,"LightInTheBox Holding Co., Ltd.",1523836,5961,Retail-Catalog & Mail-Order Houses
GDS,GDS Holdings Ltd,1526125,7370,"Services-Computer Programming, Data Processing, Etc."
TRIP,"TripAdvisor, Inc.",1526520,7370,"Services-Computer Programming, Data Processing, Etc."
ATHM,Autohome Inc.,1527636,7374,Services-Computer Processing & Data Preparation
WNFT,Worldwide NFT Inc.,1528188,7374,Services-Computer Processing & Data Preparation
GWRE,"Guidewire Software, Inc.",1528396,7372,Services-Prepackaged Software
XTIA,"XTI Aerospace, Inc.",1529113,7371,Services-Computer Programming Services
VIPS,Vipshop Holdings Ltd,1529192,5961,Retail-Catalog & Mail-Order Houses
ALKT,"ALKAMI TECHNOLOGY, INC.",1529274,7372,Services-Prepackaged Software
JOYY,JOYY Inc.,1530238,7374,Services-Computer Processing & Data Preparation
HNST,"Honest Company, Inc.",1530979,5961,Retail-Catalog & Mail-Order Houses
AUID,authID Inc.,1534154,7372,Services-Prepackaged Software
CRWD,"CrowdStrike Holdings, Inc.",1535527,7372,Services-Prepackaged Software
FRSH,Freshworks Inc.,1544522,7372,Services-Prepackaged Software
IPDN,"Professional Diversity Network, Inc.",1546296,7370,"Services-Computer Programming, Data Processing, Etc."
SKKY,"Skkynet Cloud Systems, Inc.",1546853,7372,Services-Prepackaged Software
SSTK,"Shutterstock, Inc.",1549346,7374,Services-Computer Processing & Data Preparation
TAOP,Taoping Inc.,1552670,7372,Services-Prepackaged Software
AUUD,AUDDIA INC.,1554818,7374,Services-Computer Processing & Data Preparation
CIIT,"Tianci International, Inc.",1557798,3576,Computer Communications Equipment
GLOB,Globant S.A.,1557860,7374,Services-Computer Processing & Data Preparation
PKKFF,Tenet Fintech Group Inc.,1558924,7372,Services-Prepackaged Software
EVTC,"EVERTEC, Inc.",1559865,7374,Services-Computer Processing & Data Preparation
RPD,"Rapid7, Inc.",1560327,7372,Services-Prepackaged Software
DDOG,"Datadog, Inc.",1561550,7372,Services-Prepackaged Software
DUOL,"Duolingo, Inc.",1562088,7372,Services-Prepackaged Software
SNAP,Snap Inc,1564408,7370,"Services-Computer Programming, Data Processing, Etc."
VISL,"Vislink Technologies, Inc.",1565228,3669,"Communications Equipment, NEC"
INTA,"Intapp, Inc.",1565687,7372,Services-Prepackaged Software
PD,"PagerDuty, Inc.",1568100,7372,Services-Prepackaged Software
BMTM,"Bright Mountain Media, Inc.",1568385,7371,Services-Computer Programming Services
APYP,"APPYEA, INC",1568969,7371,Services-Computer Programming Services
CXM,"Sprinklr, Inc.",1569345,7372,Services-Prepackaged Software
SAIC,Science Applications International Corp,1571123,7373,Services-Computer Integrated Systems Design
DELL,Dell Technologies Inc.,1571996,3571,Electronic Computers
WATT,Energous Corp,1575793,3663,Radio & Tv Broadcasting & Communications Equipment
WIX,Wix.com Ltd.,1576789,7370,"Services-Computer Programming, Data Processing, Etc."
SFIX,"Stitch Fix, Inc.",1576942,5961,Retail-Catalog & Mail-Order Houses
XYLB,"XY Labs, Inc.",1577351,3669,"Communications Equipment, NEC"
ODYS,Odysight.ai Inc.,1577445,7373,Services-Computer Integrated Systems Design
AI,"C3.ai, Inc.",1577526,7372,Services-Prepackaged Software
FIG,"Figma, Inc.",1579878,7372,Services-Prepackaged Software
ATEN,"A10 Networks, Inc.",1580808,3576,Computer Communications Equipment
LIF,"Life360, Inc.",1581760,7374,Services-Computer Processing & Data Preparation
DOCN,"DigitalOcean Holdings, Inc.",1582961,7370,"Services-Computer Programming, Data Processing, Etc."
CCLD,"CareCloud, Inc.",1582982,7372,Services-Prepackaged Software
S,"SentinelOne, Inc.",1583708,7372,Services-Prepackaged Software
GTIC,"Greentech Innovations, Inc.",1584480,7372,Services-Prepackaged Software
ZM,"Zoom Communications, Inc.",1585521,7370,"Services-Computer Programming, Data Processing, Etc."
PAYC,"Paycom Software, Inc.",1590955,7372,Services-Prepackaged Software
PCTY,Paylocity Holding Corp,1591698,7372,Services-Prepackaged Software
IPSI,"Innovative Payment Solutions, Inc.",1591913,5961,Retail-Catalog & Mail-Order Houses
BRGX,"BIOREGENX, INC.",1593184,7370,"Services-Computer Programming, Data Processing, Etc."
NUGN,"Livento Group, Inc.",1593549,7372,Services-Prepackaged Software
SHOP,SHOPIFY INC.,1594805,7372,Services-Prepackaged Software
WB,WEIBO Corp,1595761,7370,"Services-Computer Programming, Data Processing, Etc."
MGNI,"MAGNITE, INC.",1595974,7370,"Services-Computer Programming, Data Processing, Etc."
ANET,"Arista Networks, Inc.",1596532,3576,Computer Communications Equipment
RDNW,"RideNow Group, Inc.",1596961,7371,Services-Computer Programming Services
SABR,Sabre Corp,1597033,7370,"Services-Computer Programming, Data Processing, Etc."
CMCM,Cheetah Mobile Inc.,1597835,7372,Services-Prepackaged Software
CYBR,CyberArk Software Ltd.,1598110,7372,Services-Prepackaged Software
DIBS,"1stdibs.com, Inc.",1600641,5961,Retail-Catalog & Mail-Order Houses
KSCP,"Knightscope, Inc.",1600983,3669,"Communications Equipment, NEC"
FNGR,"FingerMotion, Inc.",1602409,7372,Services-Prepackaged Software
VIA,"Via Transportation, Inc.",1603015,7372,Services-Prepackaged Software
ULY,Urgent.ly Inc.,1603652,7374,Services-Computer Processing & Data Preparation
QRVO,"Qorvo, Inc.",1604778,3674,Semiconductors & Related Devices
KE,"Kimball Electronics, Inc.",1606757,3672,Printed Circuit Boards
WEAV,"Weave Communications, Inc.",1609151,7372,Services-Prepackaged Software
GDDY,GoDaddy Inc.,1609711,7373,Services-Computer Integrated Systems Design
MOMO,Hello Group Inc.,1610601,7372,Services-Prepackaged Software
PCOR,"PROCORE TECHNOLOGIES, INC.",1611052,7372,Services-Prepackaged Software
YEXT,"Yext, Inc.",1614178,7374,Services-Computer Processing & Data Preparation
INSE,"Inspired Entertainment, Inc.",1615063,7372,Services-Prepackaged Software
VERI,"Veritone, Inc.",1615165,7374,Services-Computer Processing & Data Preparation
WEWA,"WEWARDS, INC.",1616156,7370,"Services-Computer Programming, Data Processing, Etc."
PENG,"Penguin Solutions, Inc.",1616533,3674,Semiconductors & Related Devices
W,Wayfair Inc.,1616707,5961,Retail-Catalog & Mail-Order Houses
ZIP,"ZIPRECRUITER, INC.",1617553,7370,"Services-Computer Programming, Data Processing, Etc."
NTNX,"Nutanix, Inc.",1618732,7372,Services-Prepackaged Software
CLOW,"Cloudweb, Inc.",1619227,7370,"Services-Computer Programming, Data Processing, Etc."
SLE,"Super League Enterprise, Inc.",1621672,7373,Services-Computer Integrated Systems Design
NRDS,"NERDWALLET, INC.",1625278,7374,Services-Computer Processing & Data Preparation
BZUN,Baozun Inc.,1625414,5961,Retail-Catalog & Mail-Order Houses
LAW,"CS Disco, Inc.",1625641,7372,Services-Prepackaged Software
CMRC,"Commerce.com, Inc.",1626450,7372,Services-Prepackaged Software
UPWK,"UPWORK, INC",1627475,7374,Services-Computer Processing & Data Preparation
ALBT,Avalon GloboCare Corp.,1630212,7371,Services-Computer Programming Services
DTSS,DATASEA INC.,1631282,7372,Services-Prepackaged Software
CAST,"FreeCast, Inc.",1633369,7374,Services-Computer Processing & Data Preparation
LITE,Lumentum Holdings Inc.,1633978,3669,"Communications Equipment, NEC"
FLUT,Flutter Entertainment plc,1635327,7370,"Services-Computer Programming, Data Processing, Etc."
HCAT,"Health Catalyst, Inc.",1636422,7370,"Services-Computer Programming, Data Processing, Etc."
ZSPC,"zSpace, Inc.",1637147,7372,Services-Prepackaged Software
TTAN,"ServiceTitan, Inc.",1638826,7372,Services-Prepackaged Software
NAVN,"Navan, Inc.",1639723,7372,Services-Prepackaged Software
SNOW,Snowflake Inc.,1640147,7372,Services-Prepackaged Software
EVER,"EverQuote, Inc.",1640428,7370,"Services-Computer Programming, Data Processing, Etc."
IOT,Samsara Inc.,1642896,7373,Services-Computer Integrated Systems Design
NNDM,Nano Dimension Ltd.,1643303,3672,Printed Circuit Boards
WBSR,Webstar Technology Group Inc.,1645155,7372,Services-Prepackaged Software
HPE,Hewlett Packard Enterprise Co,1645590,3570,Computer & office Equipment
ONDS,Ondas Holdings Inc.,1646188,3663,Radio & Tv Broadcasting & Communications Equipment
SVMB,"Jingbo Technology, Inc.",1647822,7372,Services-Prepackaged Software
TOST,"Toast, Inc.",1650164,7374,Services-Computer Processing & Data Preparation
TEAM,Atlassian Corp,1650372,7372,Services-Prepackaged Software
BRQSF,"Borqs Technologies, Inc.",1650575,7373,Services-Computer Integrated Systems Design
COUR,"Coursera, Inc.",1651562,7372,Services-Prepackaged Software
ASFT,"Appsoft Technologies, Inc.",1651992,7372,Services-Prepackaged Software
GOOGL,Alphabet Inc.,1652044,7370,"Services-Computer Programming, Data Processing, Etc."
ICHR,"ICHOR HOLDINGS, LTD.",1652535,3674,Semiconductors & Related Devices
GTLB,Gitlab Inc.,1653482,7372,Services-Prepackaged Software
EHVVF,"Ehave, Inc.",1653606,7371,Services-Computer Programming Services
DAVA,Endava plc,1656081,7371,Services-Computer Programming Services
OKTA,"Okta, Inc.",1660134,7372,Services-Prepackaged Software
TENB,"Tenable Holdings, Inc.",1660280,7372,Services-Prepackaged Software
KULR,"KULR Technology Group, Inc.",1662684,3670,Electronic Components & Accessories
BE,Bloom Energy Corp,1664703,3620,Electrical Industrial Apparatus
PHUN,"Phunware, Inc.",1665300,7374,Services-Computer Processing & Data Preparation
CDLX,"Cardlytics, Inc.",1666071,7370,"Services-Computer Programming, Data Processing, Etc."
BL,"BLACKLINE, INC.",1666134,7372,Services-Prepackaged Software
AIP,"Arteris, Inc.",1667011,3674,Semiconductors & Related Devices
ZDGE,"Zedge, Inc.",1667313,7372,Services-Prepackaged Software
TTD,"Trade Desk, Inc.",1671933,7370,"Services-Computer Programming, Data Processing, Etc."
SEGG,Lottery.com Inc.,1673481,7372,Services-Prepackaged Software
HNGE,"Hinge Health, Inc.",1673743,7374,Services-Computer Processing & Data Preparation
VRT,Vertiv Holdings Co,1674101,3679,"Electronic Components, NEC"
WORX,SCWorx Corp.,1674227,7374,Services-Computer Processing & Data Preparation
YYAI,AIRWA INC.,1674440,7370,"Services-Computer Programming, Data Processing, Etc."
BRZE,"Braze, Inc.",1676238,7372,Services-Prepackaged Software
UPYY,UPAY,1677897,7372,Services-Prepackaged Software
CAHO,Caro Holdings Inc.,1678105,5961,Retail-Catalog & Mail-Order Houses
VREX,Varex Imaging Corp,1681622,3679,"Electronic Components, NEC"
CARS,Cars.com Inc.,1683606,7374,Services-Computer Processing & Data Preparation
TRVG,trivago N.V.,1683825,7374,Services-Computer Processing & Data Preparation
CRCW,Crypto Co,1688126,7374,Services-Computer Processing & Data Preparation
DXC,DXC Technology Co,1688568,7374,Services-Computer Processing & Data Preparation
FRSX,Foresight Autonomous Holdings Ltd.,1691221,7372,Services-Prepackaged Software
REKR,"Rekor Systems, Inc.",1697851,3669,"Communications Equipment, NEC"
CFLT,"Confluent, Inc.",1699838,7372,Services-Prepackaged Software
VS,Versus Systems Inc.,1701963,7374,Services-Computer Processing & Data Preparation
AGMH,"AGM GROUP HOLDINGS, INC.",1705402,7371,Services-Computer Programming Services
ESTC,Elastic N.V.,1707753,7372,Services-Prepackaged Software
RBBN,Ribbon Communications Inc.,1708055,7373,Services-Computer Integrated Systems Design
MYND,"Mynd.ai, Inc.",1708441,3577,"Computer Peripheral Equipment, NEC"
GFS,GLOBALFOUNDRIES Inc.,1709048,3674,Semiconductors & Related Devices
CSAI,"CLOUDASTRUCTURE, INC.",1709628,7370,"Services-Computer Programming, Data Processing, Etc."
PNXP,PINEAPPLE EXPRESS CANNABIS Co,1710495,7372,Services-Prepackaged Software
PAGS,PagSeguro Digital Ltd.,1712807,7374,Services-Computer Processing & Data Preparation
RDDT,"Reddit, Inc.",1713445,7374,Services-Computer Processing & Data Preparation
ZS,"Zscaler, Inc.",1713683,7371,Services-Computer Programming Services
AIJTY,Jianpu Technology Inc.,1713923,7370,"Services-Computer Programming, Data Processing, Etc."
LCHD,Leader Capital Holdings Corp.,1715433,7371,Services-Computer Programming Services
PT,Pintec Technology Holdings Ltd,1716338,7370,"Services-Computer Programming, Data Processing, Etc."
TEM,"Tempus AI, Inc.",1717115,7370,"Services-Computer Programming, Data Processing, Etc."
IDAI,T Stamp Inc,1718939,7372,Services-Prepackaged Software
RDVT,"Red Violet, Inc.",1720116,7372,Services-Prepackaged Software
IBEX,IBEX Ltd,1720420,7374,Services-Computer Processing & Data Preparation
ZEPP,Zepp Health Corp,1720446,3571,Electronic Computers
JAMF,Jamf Holding Corp.,1721947,7372,Services-Prepackaged Software
FDCT,"FDCTECH, INC.",1722731,7372,Services-Prepackaged Software
BILI,Bilibili Inc.,1723690,7374,Services-Computer Processing & Data Preparation
CLPS,CLPS Inc,1724542,7372,Services-Prepackaged Software
DAY,"Dayforce, Inc.",1725057,7372,Services-Prepackaged Software
CANG,Cango Inc.,1725123,7372,Services-Prepackaged Software
ALAR,Alarum Technologies Ltd.,1725332,7372,Services-Prepackaged Software
HUYA,HUYA Inc.,1728190,7370,"Services-Computer Programming, Data Processing, Etc."
AVGO,Broadcom Inc.,1730168,3674,Semiconductors & Related Devices
EBZT,"Everything Blockchain, Inc.",1730869,7372,Services-Prepackaged Software
QTTOY,Qutoutiao Inc.,1733298,7370,"Services-Computer Programming, Data Processing, Etc."
SOHU,Sohu.com Ltd,1734107,7374,Services-Computer Processing & Data Preparation
CTKYY,CooTek(Cayman)Inc.,1734262,7374,Services-Computer Processing & Data Preparation
ALYAF,Alithya Group inc,1734520,7370,"Services-Computer Programming, Data Processing, Etc."
PATH,"UiPath, Inc.",1734722,7372,Services-Prepackaged Software
ALAB,"Astera Labs, Inc.",1736297,3674,Semiconductors & Related Devices
NEXCF,Nextech3D.AI Corp.,1737270,7371,Services-Computer Programming Services
JG,Aurora Mobile Ltd,1737339,7370,"Services-Computer Programming, Data Processing, Etc."
OPRA,Opera Ltd,1737450,7372,Services-Prepackaged Software
CMBM,Cambium Networks Corp,1738177,3663,Radio & Tv Broadcasting & Communications Equipment
WKEY,Wisekey International Holding S.A.,1738699,7374,Services-Computer Processing & Data Preparation
CHR,"Cheer Holding, Inc.",1738758,7374,Services-Computer Processing & Data Preparation
AVAI,AVANT TECHNOLOGIES INC.,1740797,7374,Services-Computer Processing & Data Preparation
HKIT,HiTek Global Inc.,1742341,7372,Services-Prepackaged Software
MTC,"MMTec, Inc.",1742518,7372,Services-Prepackaged Software
GDYN,"GRID DYNAMICS HOLDINGS, INC.",1743725,7372,Services-Prepackaged Software
CRSR,"Corsair Gaming, Inc.",1743759,3577,"Computer Peripheral Equipment, NEC"
STNE,StoneCo Ltd.,1745431,7374,Services-Computer Processing & Data Preparation
RVLV,"Revolve Group, Inc.",1746618,5961,Retail-Catalog & Mail-Order Houses
APP,AppLovin Corp,1751008,7370,"Services-Computer Programming, Data Processing, Etc."
PAVS,Paranovus Entertainment Technology Ltd.,1751876,7374,Services-Computer Processing & Data Preparation
SANG,Sangoma Technologies Corp,1753368,7370,"Services-Computer Programming, Data Processing, Etc."
QSJC,"TANCHENG GROUP CO., LTD.",1753391,7370,"Services-Computer Programming, Data Processing, Etc."
BKSY,BlackSky Technology Inc.,1753539,3663,Radio & Tv Broadcasting & Communications Equipment
SJ,Scienjoy Holding Corp,1753673,7374,Services-Computer Processing & Data Preparation
XTKG,"X3 Holdings Co., Ltd.",1754323,7371,Services-Computer Programming Services
ALDS,APPlife Digital Solutions Inc,1755101,7374,Services-Computer Processing & Data Preparation
JMIA,Jumia Technologies AG,1756708,5961,Retail-Catalog & Mail-Order Houses
QUBT,Quantum Computing Inc.,1758009,7372,Services-Prepackaged Software
SY,So-Young International Inc.,1758530,7374,Services-Computer Processing & Data Preparation
TRSO,TRANSUITE.ORG INC.,1758699,7370,"Services-Computer Programming, Data Processing, Etc."
GIFT,"GIFTIFY, INC.",1760233,5961,Retail-Catalog & Mail-Order Houses
CRKN,Crown Electrokinetics Corp.,1761696,3679,"Electronic Components, NEC"
NOWG,Nowigence Inc.,1761911,7370,"Services-Computer Programming, Data Processing, Etc."
DOYU,DouYu International Holdings Ltd,1762417,7370,"Services-Computer Programming, Data Processing, Etc."
CLVT,CLARIVATE PLC,1764046,7374,Services-Computer Processing & Data Preparation
GCGJ,GUOCHUN INTERNATIONAL INC.,1765048,7370,"Services-Computer Programming, Data Processing, Etc."
CHWY,"Chewy, Inc.",1766502,5961,Retail-Catalog & Mail-Order Houses
CRNC,Cerence Inc.,1768267,7372,Services-Prepackaged Software
CRWV,"CoreWeave, Inc.",1769628,7372,Services-Prepackaged Software
WIMI,WiMi Hologram Cloud Inc.,1770088,7372,Services-Prepackaged Software
XRX,Xerox Holdings Corp,1770450,3577,"Computer Peripheral Equipment, NEC"
DT,"Dynatrace, Inc.",1773383,7372,Services-Prepackaged Software
AIOT,"Powerfleet, Inc.",1774170,3669,"Communications Equipment, NEC"
SKIL,Skillsoft Corp.,1774675,7372,Services-Prepackaged Software
VQSSF,VIQ Solutions Inc.,1777765,7370,"Services-Computer Programming, Data Processing, Etc."
AVPT,"AvePoint, Inc.",1777921,7372,Services-Prepackaged Software
MAPS,"WM TECHNOLOGY, INC.",1779474,7372,Services-Prepackaged Software
LVLU,"Lulu's Fashion Lounge Holdings, Inc.",1780201,5961,Retail-Catalog & Mail-Order Houses
OCFT,"ONECONNECT FINANCIAL TECHNOLOGY CO., LTD.",1780531,7370,"Services-Computer Programming, Data Processing, Etc."
ANKM,"Ankam, Inc.",1781629,7371,Services-Computer Programming Services
SOGP,Sound Group Inc.,1783407,7370,"Services-Computer Programming, Data Processing, Etc."
BHIC,"BioScience Health Innovations, Inc.",1784440,7374,Services-Computer Processing & Data Preparation
PRCH,"Porch Group, Inc.",1784535,7372,Services-Prepackaged Software
NXTT,Next Technology Holding Inc.,1784970,7374,Services-Computer Processing & Data Preparation
BILL,"BILL Holdings, Inc.",1786352,7372,Services-Prepackaged Software
BWMX,"BETTERWARE DE MEXICO, S.A.P.I. DE C.V",1788257,5961,Retail-Catalog & Mail-Order Houses
XPER,Xperi Inc.,1788999,7372,Services-Prepackaged Software
VTEX,VTEX,1793663,7372,Services-Prepackaged Software
YALA,Yalla Group Ltd,1794350,7370,"Services-Computer Programming, Data Processing, Etc."
GTM,ZoomInfo Technologies Inc.,1794515,7372,Services-Prepackaged Software
KC,Kingsoft Cloud Holdings Ltd,1795589,7372,Services-Prepackaged Software
MAXN,"Maxeon Solar Technologies, Ltd.",1796898,3674,Semiconductors & Related Devices
DDI,"DoubleDown Interactive Co., Ltd.",1799567,7374,Services-Computer Processing & Data Preparation
IAC,IAC Inc.,1800227,7370,"Services-Computer Programming, Data Processing, Etc."
MLGO,MicroAlgo Inc.,1800392,7371,Services-Computer Programming Services
FROG,JFrog Ltd,1800667,7372,Services-Prepackaged Software
SBIG,"SpringBig Holdings, Inc.",1801602,7371,Services-Computer Programming Services
SKLZ,Skillz Inc.,1801661,7374,Services-Computer Processing & Data Preparation
MSPR,"MSP Recovery, Inc.",1802450,7374,Services-Computer Processing & Data Preparation
API,"Agora, Inc.",1802883,7372,Services-Prepackaged Software
OST,"Ostin Technology Group Co., Ltd.",1803407,3679,"Electronic Components, NEC"
RAASY,Cloopen Group Holding Ltd,1804583,7372,Services-Prepackaged Software
EVLV,"Evolv Technologies Holdings, Inc.",1805385,3577,"Computer Peripheral Equipment, NEC"
MKTW,"MARKETWISE, INC.",1805651,7372,Services-Prepackaged Software
SST,"System1, Inc.",1805833,7370,"Services-Computer Programming, Data Processing, Etc."
VERX,"Vertex, Inc.",1806837,7372,Services-Prepackaged Software
AMST,Amesite Inc.,1807166,7372,Services-Prepackaged Software
CRDO,Credo Technology Group Holding Ltd,1807794,3674,Semiconductors & Related Devices
GDRX,"GoodRx Holdings, Inc.",1809519,7374,Services-Computer Processing & Data Preparation
RXT,"Rackspace Technology, Inc.",1810019,7370,"Services-Computer Programming, Data Processing, Etc."
U,Unity Software Inc.,1810806,7372,Services-Prepackaged Software
PTRN,Pattern Group Inc.,1811935,5961,Retail-Catalog & Mail-Order Houses
FMHS,"FARMHOUSE, INC. /NV",1811999,7370,"Services-Computer Programming, Data Processing, Etc."
IFBD,"Infobird Co., Ltd",1815566,7372,Services-Prepackaged Software
TGCB,"Tego Cyber, Inc.",1815632,7370,"Services-Computer Programming, Data Processing, Etc."
LYTHF,Lytus Technologies Holdings PTV. Ltd.,1816319,7374,Services-Computer Processing & Data Preparation
GRFXF,Graphex Group Ltd,1816723,3620,Electrical Industrial Apparatus
SMTK,"SmartKem, Inc.",1817760,3674,Semiconductors & Related Devices
CCC,CCC Intelligent Solutions Holdings Inc.,1818201,7372,Services-Prepackaged Software
HTOO,Fusion Fuel Green PLC,1819794,3620,Electrical Industrial Apparatus
DV,"DoubleVerify Holdings, Inc.",1819928,7370,"Services-Computer Programming, Data Processing, Etc."
SKYT,"SkyWater Technology, Inc",1819974,3674,Semiconductors & Related Devices
GRND,Grindr Inc.,1820144,7370,"Services-Computer Programming, Data Processing, Etc."
CXAI,CXApp Inc.,1820875,7372,Services-Prepackaged Software
MSGM,Motorsport Games Inc.,1821175,7372,Services-Prepackaged Software
NVTS,Navitas Semiconductor Corp,1821769,3674,Semiconductors & Related Devices
BTQ,BTQ Technologies Corp.,1821866,7370,"Services-Computer Programming, Data Processing, Etc."
LSPD,Lightspeed Commerce Inc.,1823306,7372,Services-Prepackaged Software
TSPH,TuSimple Holdings Inc.,1823593,7373,Services-Computer Integrated Systems Design
MYPS,"PLAYSTUDIOS, Inc.",1823878,7372,Services-Prepackaged Software
CGNT,Cognyte Software Ltd.,1824814,7372,Services-Prepackaged Software
IONQ,"IonQ, Inc.",1824920,7373,Services-Computer Integrated Systems Design
TIXT,TELUS International (Cda) Inc.,1825155,7374,Services-Computer Processing & Data Preparation
ONFO,"Onfolio Holdings, Inc",1825452,7374,Services-Computer Processing & Data Preparation
RAYA,Erayak Power Solution Group Inc.,1825875,3621,Motors & Generators
BNZI,"Banzai International, Inc.",1826011,7372,Services-Prepackaged Software
WETH,Wetouch Technology Inc.,1826660,3577,"Computer Peripheral Equipment, NEC"
PDYN,Palladyne AI Corp.,1826681,7372,Services-Prepackaged Software
CERT,"Certara, Inc.",1827090,7372,Services-Prepackaged Software
PLTK,Playtika Holding Corp.,1828016,7374,Services-Computer Processing & Data Preparation
KARO,Karooooo Ltd.,1828102,7372,Services-Prepackaged Software
AUR,"Aurora Innovation, Inc.",1828108,7373,Services-Computer Integrated Systems Design
FTCI,"FTC Solar, Inc.",1828161,3674,Semiconductors & Related Devices
DSP,Viant Technology Inc.,1828791,7370,"Services-Computer Programming, Data Processing, Etc."
ALMU,"Aeluma, Inc.",1828805,3674,Semiconductors & Related Devices
TUYA,Tuya Inc.,1829118,7372,Services-Prepackaged Software
FORA,Forian Inc.,1829280,7374,Services-Computer Processing & Data Preparation
TASK,"TaskUs, Inc.",1829864,7374,Services-Computer Processing & Data Preparation
DCBO,Docebo Inc.,1829959,7372,Services-Prepackaged Software
BMBL,Bumble Inc.,1830043,7370,"Services-Computer Programming, Data Processing, Etc."
RUM,Rumble Inc.,1830081,7370,"Services-Computer Programming, Data Processing, Etc."
GEG,"Great Elm Group, Inc.",1831096,7372,Services-Prepackaged Software
SHLS,"Shoals Technologies Group, Inc.",1831651,3674,Semiconductors & Related Devices
SEMR,"SEMrush Holdings, Inc.",1831840,7372,Services-Prepackaged Software
LUXE,LuxExperience B.V.,1831907,5961,Retail-Catalog & Mail-Order Houses
GUER,"Guerrilla RF, Inc.",1832487,3674,Semiconductors & Related Devices
NABL,"N-able, Inc.",1834488,7372,Services-Prepackaged Software
CPNG,"Coupang, Inc.",1834584,5961,Retail-Catalog & Mail-Order Houses
MRVL,"Marvell Technology, Inc.",1835632,3674,Semiconductors & Related Devices
KVYO,"Klaviyo, Inc.",1835830,7372,Services-Prepackaged Software
GLBE,Global-E Online Ltd.,1835963,7372,Services-Prepackaged Software
SRAD,Sportradar Group AG,1836470,7370,"Services-Computer Programming, Data Processing, Etc."
PL,Planet Labs PBC,1836833,3663,Radio & Tv Broadcasting & Communications Equipment
ZENV,Zenvia Inc.,1836934,7372,Services-Prepackaged Software
BBAI,"BigBear.ai Holdings, Inc.",1836981,7372,Services-Prepackaged Software
SMRT,"SmartRent, Inc.",1837014,7373,Services-Computer Integrated Systems Design
VMEO,"Vimeo, Inc.",1837686,7370,"Services-Computer Programming, Data Processing, Etc."
BNAI,Brand Engagement Network Inc.,1838163,7373,Services-Computer Integrated Systems Design
RGTI,"Rigetti Computing, Inc.",1838359,7371,Services-Computer Programming Services
YMM,Full Truck Alliance Co. Ltd.,1838413,7372,Services-Prepackaged Software
HCTI,"Healthcare Triangle, Inc.",1839285,7373,Services-Computer Integrated Systems Design
VEEA,VEEA INC.,1840317,7373,Services-Computer Integrated Systems Design
SSM,Sono Group N.V.,1840416,3674,Semiconductors & Related Devices
TBLA,Taboola.com Ltd.,1840502,7370,"Services-Computer Programming, Data Processing, Etc."
SOPH,SOPHiA GENETICS SA,1840706,7374,Services-Computer Processing & Data Preparation
SOUN,"SOUNDHOUND AI, INC.",1840856,7372,Services-Prepackaged Software
HOLO,MicroCloud Hologram Inc.,1841209,7370,"Services-Computer Programming, Data Processing, Etc."
GROV,"Grove Collaborative Holdings, Inc.",1841761,5961,Retail-Catalog & Mail-Order Houses
INDI,"indie Semiconductor, Inc.",1841925,3674,Semiconductors & Related Devices
AISP,"Airship AI Holdings, Inc.",1842566,7372,Services-Prepackaged Software
IAS,INTEGRAL AD SCIENCE HOLDING CORP.,1842718,7370,"Services-Computer Programming, Data Processing, Etc."
SMWB,SIMILARWEB LTD.,1842731,7370,"Services-Computer Programming, Data Processing, Etc."
BZ,Kanzhun Ltd,1842827,7370,"Services-Computer Programming, Data Processing, Etc."
MNDY,monday.com Ltd.,1845338,7372,Services-Prepackaged Software
NPWR,NET Power Inc.,1845437,3620,Electrical Industrial Apparatus
NXDR,"Nextdoor Holdings, Inc.",1846069,7370,"Services-Computer Programming, Data Processing, Etc."
GNS,Genius Group Ltd,1847806,7372,Services-Prepackaged Software
GDLG,Glidelogic Corp.,1848672,7371,Services-Computer Programming Services
GDEV,GDEV Inc.,1848739,7371,Services-Computer Programming Services
NEXN,Nexxen International Ltd.,1849396,7370,"Services-Computer Programming, Data Processing, Etc."
DJT,Trump Media & Technology Group Corp.,1849635,7370,"Services-Computer Programming, Data Processing, Etc."
HEPS,D-MARKET Electronic Services & Trading,1850235,5961,Retail-Catalog & Mail-Order Houses
ZETA,Zeta Global Holdings Corp.,1851003,7372,Services-Prepackaged Software
GCTS,"GCT Semiconductor Holding, Inc.",1851961,3674,Semiconductors & Related Devices
KDK,"Kodiak AI, Inc.",1853138,7373,Services-Computer Integrated Systems Design
EVCM,EverCommerce Inc.,1853145,7372,Services-Prepackaged Software
HMELF,Hold Me Ltd,1853630,7372,Services-Prepackaged Software
TZUP,THUMZUP MEDIA Corp,1853825,7374,Services-Computer Processing & Data Preparation
VRAR,"Glimpse Group, Inc.",1854445,7371,Services-Computer Programming Services
BRQL,BrooQLy Inc.,1854526,7374,Services-Computer Processing & Data Preparation
DDL,Dingdong (Cayman) Ltd,1854545,5961,Retail-Catalog & Mail-Order Houses
CLBT,Cellebrite DI Ltd.,1854587,7372,Services-Prepackaged Software
TYGO,"TIGO ENERGY, INC.",1855447,3674,Semiconductors & Related Devices
MOBX,"MOBIX LABS, INC",1855467,3674,Semiconductors & Related Devices
BLND,"Blend Labs, Inc.",1855747,7370,"Services-Computer Programming, Data Processing, Etc."
YOU,"Clear Secure, Inc.",1856314,7372,Services-Prepackaged Software
GCT,GigaCloud Technology Inc,1857816,5961,Retail-Catalog & Mail-Order Houses
GDST,Goldenstone Acquisition Ltd.,1858007,3620,Electrical Industrial Apparatus
ARQQ,Arqit Quantum Inc.,1859690,7372,Services-Prepackaged Software
ILLMF,illumin Holdings Inc.,1861233,7374,Services-Computer Processing & Data Preparation
DH,Definitive Healthcare Corp.,1861795,7372,Services-Prepackaged Software
ARBE,Arbe Robotics Ltd.,1861841,7373,Services-Computer Integrated Systems Design
ECX,ECARX Holdings Inc.,1861974,7373,Services-Computer Integrated Systems Design
VLN,Valens Semiconductor Ltd.,1863006,3674,Semiconductors & Related Devices
AKA,A.K.A. BRANDS HOLDING CORP.,1865107,5961,Retail-Catalog & Mail-Order Houses
ALSAF,Alpha Star Acquisition Corp,1865111,7372,Services-Prepackaged Software
CWAN,"Clearwater Analytics Holdings, Inc.",1866368,7372,Services-Prepackaged Software
CCSI,"Consensus Cloud Solutions, Inc.",1866633,7372,Services-Prepackaged Software
AMPL,"Amplitude, Inc.",1866692,7372,Services-Prepackaged Software
KD,"Kyndryl Holdings, Inc.",1867072,7373,Services-Computer Integrated Systems Design
WRD,WeRide Inc.,1867729,7373,Services-Computer Integrated Systems Design
BRAG,Bragg Gaming Group Inc.,1867834,7377,Services-Computer Rental & Leasing
PMEDF,Predictmedix Inc.,1868079,7372,Services-Prepackaged Software
YIBO,Planet Image International Ltd,1868395,3577,"Computer Peripheral Equipment, NEC"
CYCU,"Cycurion, Inc.",1868419,7371,Services-Computer Programming Services
INFA,Informatica Inc.,1868778,7372,Services-Prepackaged Software
CINT,CI&T Inc,1868995,7371,Services-Computer Programming Services
BZAI,"Blaize Holdings, Inc.",1871638,3674,Semiconductors & Related Devices
YXT,YXT.COM GROUP HOLDING Ltd,1872090,7372,Services-Prepackaged Software
NA,Nano Labs Ltd,1872302,3674,Semiconductors & Related Devices
MTEK,Maris Tech Ltd.,1872964,3669,"Communications Equipment, NEC"
RYET,Ruanyun Edai Technology Inc.,1873454,7372,Services-Prepackaged Software
BBLR,Bubblr Inc.,1873722,7370,"Services-Computer Programming, Data Processing, Etc."
CYN,Cyngn Inc.,1874097,7371,Services-Computer Programming Services
SATL,Satellogic Inc.,1874315,3663,Radio & Tv Broadcasting & Communications Equipment
HOUR,"Hour Loop, Inc",1874875,5961,Retail-Catalog & Mail-Order Houses
CSLMF,CSLM ACQUISITION CORP.,1875493,7373,Services-Computer Integrated Systems Design
LCFY,Locafy Ltd,1875547,7370,"Services-Computer Programming, Data Processing, Etc."
CBDW,1606 CORP.,1877461,7372,Services-Prepackaged Software
VRSSF,Verses AI Inc.,1879001,7370,"Services-Computer Programming, Data Processing, Etc."
GTIJF,GRAPHJET TECHNOLOGY,1879373,3620,Electrical Industrial Apparatus
AMZE,"AMAZE HOLDINGS, INC.",1880343,5961,Retail-Catalog & Mail-Order Houses
VHAI,Vocodia Holdings Corp,1880431,7371,Services-Computer Programming Services
KWIK,"KwikClick, Inc.",1884164,7374,Services-Computer Processing & Data Preparation
TFLM,Tofla Megaline Inc.,1885849,7372,Services-Prepackaged Software
SNAL,"Snail, Inc.",1886894,7372,Services-Prepackaged Software
WLDS,Wearable Devices Ltd.,1887673,3576,Computer Communications Equipment
FMTOF,Femto Technologies Inc.,1888151,7372,Services-Prepackaged Software
UBXG,U-BX Technology Ltd.,1888525,7370,"Services-Computer Programming, Data Processing, Etc."
DFSC,DEFSEC Technologies Inc.,1889823,7372,Services-Prepackaged Software
OS,"OneStream, Inc.",1889956,7372,Services-Prepackaged Software
HTCR,"HeartCore Enterprises, Inc.",1892322,7374,Services-Computer Processing & Data Preparation
SVRE,SaverOne 2014 Ltd.,1894693,7371,Services-Computer Programming Services
ICG,Intchains Group Ltd,1895597,3674,Semiconductors & Related Devices
GXAI,GAXOS.AI INC.,1895618,7372,Services-Prepackaged Software
SGN,"Signing Day Sports, Inc.",1898474,7374,Services-Computer Processing & Data Preparation
BMR,Beamr Imaging Ltd.,1899005,7372,Services-Prepackaged Software
PERF,Perfect Corp.,1899830,7372,Services-Prepackaged Software
NYAX,Nayax Ltd.,1901279,7372,Services-Prepackaged Software
MPTI,"M-tron Industries, Inc.",1902314,3679,"Electronic Components, NEC"
NCNO,"nCino, Inc.",1902733,7372,Services-Prepackaged Software
GRRR,Gorilla Technology Group Inc.,1903145,7372,Services-Prepackaged Software
HUBC,Hub Cyber Security Ltd.,1905660,3576,Computer Communications Equipment
QBTS,D-Wave Quantum Inc.,1907982,7374,Services-Computer Processing & Data Preparation
GLE,Global Engine Group Holding Ltd,1908705,7374,Services-Computer Processing & Data Preparation
KHOB,KHEOBA CORP.,1909770,7371,Services-Computer Programming Services
MBLY,Mobileye Global Inc.,1910139,7372,Services-Prepackaged Software
GITS,"Global Interactive Technologies, Inc.",1911545,7370,"Services-Computer Programming, Data Processing, Etc."
RPGL,Republic Power Group Ltd,1912884,7372,Services-Prepackaged Software
GMM,Global Mofy AI Ltd,1913749,7370,"Services-Computer Programming, Data Processing, Etc."
SFWJ,"Software Effective Solutions, Corp.",1919847,7371,Services-Computer Programming Services
RZLV,REZOLVE AI PLC,1920294,7370,"Services-Computer Programming, Data Processing, Etc."
RLNDF,RoyaLand Co Ltd.,1924064,7372,Services-Prepackaged Software
NTCL,NetClass Technology Inc,1927578,7372,Services-Prepackaged Software
ARBB,ARB IOT Group Ltd,1930179,7373,Services-Computer Integrated Systems Design
ALRTF,ALR Technologies SG Ltd.,1930419,3669,"Communications Equipment, NEC"
NTCS,Natics Corp.,1933359,7374,Services-Computer Processing & Data Preparation
AIXI,Xiao-I Corp,1935172,7372,Services-Prepackaged Software
PODC,"PodcastOne, Inc.",1940177,7370,"Services-Computer Programming, Data Processing, Etc."
MFI,mF International Ltd,1940941,7371,Services-Computer Programming Services
TANAF,Tian'an Technology Group Ltd,1941189,3621,Motors & Generators
SVCO,"Silvaco Group, Inc.",1943289,7372,Services-Prepackaged Software
RBRK,"Rubrik, Inc.",1943896,7372,Services-Prepackaged Software
ELWS,"Earlyworks Co., Ltd.",1944399,7371,Services-Computer Programming Services
TKMO,"Tekumo, Inc.",1946585,7372,Services-Prepackaged Software
LAES,SEALSQ Corp,1951222,3674,Semiconductors & Related Devices
LGCL,Lucas GC Ltd,1954694,7370,"Services-Computer Programming, Data Processing, Etc."
UMAC,"Unusual Machines, Inc.",1956955,3663,Radio & Tv Broadcasting & Communications Equipment
YAAS,Youxin Technology Ltd,1964946,7372,Services-Prepackaged Software
NVNI,Nvni Group Ltd,1965143,7372,Services-Prepackaged Software
LZMH,LZ Technology Holdings Ltd,1967397,7371,Services-Computer Programming Services
ATGL,Alpha Technology Group Ltd,1967621,7371,Services-Computer Programming Services
PONY,Pony AI Inc.,1969302,7373,Services-Computer Integrated Systems Design
LGCB,Linkage Global Inc,1969401,5961,Retail-Catalog & Mail-Order Houses
RMXI,"RMX INDUSTRIES, INC.",1970743,7370,"Services-Computer Programming, Data Processing, Etc."
ABXXF,Abaxx Technologies Inc.,1971975,7372,Services-Prepackaged Software
LNKS,Linkers Industries Ltd,1972074,3670,Electronic Components & Accessories
ARM,ARM HOLDINGS PLC /UK,1973239,3674,Semiconductors & Related Devices
NATL,NCR Atleos Corp,1974138,3578,Calculating & Accounting Machines (No Electronic Computers)
NXNT,"Nexscient, Inc.",1976663,7372,Services-Prepackaged Software
MNDR,Mobile-health Network Solutions,1976695,7372,Services-Prepackaged Software
YQAI,"YOUNEEQAI TECHNICAL SERVICES, INC.",1976923,7371,Services-Computer Programming Services
ALXY,MADE IN USA INC.,1977837,7374,Services-Computer Processing & Data Preparation
ORKT,ORANGEKLOUD TECHNOLOGY INC.,1979407,7372,Services-Prepackaged Software
IMAA,IMA Tech,1980295,7372,Services-Prepackaged Software
LDTCF,LeddarTech Holdings Inc.,1981462,7372,Services-Prepackaged Software
SBET,"SharpLink Gaming, Inc.",1981535,7372,Services-Prepackaged Software
BLIV,BeLive Holdings,1982448,7373,Services-Computer Integrated Systems Design
KNRX,KNOREX LTD.,1982960,7370,"Services-Computer Programming, Data Processing, Etc."
RMSG,Real Messenger Corp,1983324,7370,"Services-Computer Programming, Data Processing, Etc."
GOAI,Eva Live Inc,1983736,7370,"Services-Computer Programming, Data Processing, Etc."
LDXC,Londax Corp.,1985554,7371,Services-Computer Programming Services
GAFC,Guru App Factory Corp,1989788,7371,Services-Computer Programming Services
WCT,Wellchange Holdings Co Ltd,1990251,7372,Services-Prepackaged Software
WAY,Waystar Holding Corp.,1990354,7373,Services-Computer Integrated Systems Design
SELX,Semilux International Ltd.,1990950,3674,Semiconductors & Related Devices
YMT,Yimutian Inc.,1991605,7374,Services-Computer Processing & Data Preparation
ZDAN,Zerolimit Technology Holding Co. Ltd.,1992092,7372,Services-Prepackaged Software
TE,T1 Energy Inc.,1992243,3674,Semiconductors & Related Devices
MASK,3 E Network Technology Group Ltd,1993097,7371,Services-Computer Programming Services
FATN,Fatpipe Inc/UT,1993400,7372,Services-Prepackaged Software
SNT,Senstar Technologies Corp,1993727,3669,"Communications Equipment, NEC"
HNIT,Huineng Technology Corp,1994373,7374,Services-Computer Processing & Data Preparation
ZENA,"ZenaTech, Inc.",1997403,7372,Services-Prepackaged Software
PRGY,IGTA Merger Sub Ltd,1997698,7370,"Services-Computer Programming, Data Processing, Etc."
GMHS,Gamehaus Holdings Inc.,2000530,7374,Services-Computer Processing & Data Preparation
GMTH,GMTech Inc.,2000762,7371,Services-Computer Programming Services
HPAI,Helport AI Ltd,2001699,7372,Services-Prepackaged Software
GCL,GCL Global Holdings Ltd,2002045,7372,Services-Prepackaged Software
LHSW,Lianhe Sowell International Group Ltd,2004024,7372,Services-Prepackaged Software
CCIX,Churchill Capital Corp IX/Cayman,2006291,7373,Services-Computer Integrated Systems Design
LAWR,"Robot Consulting Co., Ltd.",2007599,7370,"Services-Computer Programming, Data Processing, Etc."
CCCX,Churchill Capital Corp X/Cayman,2007825,7374,Services-Computer Processing & Data Preparation
DGNX,Diginex Ltd,2010499,7374,Services-Computer Processing & Data Preparation
FVN,Future Vision II Acquisition Corp.,2010653,7373,Services-Computer Integrated Systems Design
FOXX,Foxx Development Holdings Inc.,2013807,3576,Computer Communications Equipment
GVSE,Gameverse Interactive Corp,2017541,7372,Services-Prepackaged Software
SNDK,Sandisk Corp,2023554,3572,Computer Storage Devices
TGHL,GrowHub Ltd,2024114,7374,Services-Computer Processing & Data Preparation
OWLS,OBOOK HOLDINGS INC.,2025416,7372,Services-Prepackaged Software
ATHR,"Aether Holdings, Inc.",2026353,7372,Services-Prepackaged Software
BACQ,INFLECTION POINT ACQUISITION CORP. IV,2028707,7373,Services-Computer Integrated Systems Design
SAGT,SAGTEC GLOBAL Ltd,2029138,7372,Services-Prepackaged Software
SAIL,"SailPoint, Inc.",2030781,7372,Services-Prepackaged Software
MGRT,Mega Fortune Co Ltd,2033377,7371,Services-Computer Programming Services
FUSE,Fusemachines Inc.,2033383,7373,Services-Computer Integrated Systems Design
DAIC,"CID Holdco, Inc.",2033770,7373,Services-Computer Integrated Systems Design
BTTC,Black Titan Corp,2034400,7371,Services-Computer Programming Services
GIBO,GIBO HOLDINGS Ltd,2034520,7372,Services-Prepackaged Software
VWAV,"VisionWave Holdings, Inc.",2038439,7372,Services-Prepackaged Software
CHOW,ChowChow Cloud International Holdings Ltd,2041829,7372,Services-Prepackaged Software
CTW,CTW Cayman,2047148,7374,Services-Computer Processing & Data Preparation
TCGL,TechCreate Group Ltd.,2047190,7374,Services-Computer Processing & Data Preparation
BAO,BAO Holding Ltd.,2049184,7370,"Services-Computer Programming, Data Processing, Etc."
SUWA,Sharewow Ltd,2051146,7374,Services-Computer Processing & Data Preparation
PLTS,Platinum Analytics Cayman Ltd,2053033,7372,Services-Prepackaged Software
NIQ,NIQ Global Intelligence plc,2054696,7370,"Services-Computer Programming, Data Processing, Etc."
DBIM,Dbim Holdings Ltd,2057757,7370,"Services-Computer Programming, Data Processing, Etc."
ECST,ECST Holdings Ltd,2058007,7372,Services-Prepackaged Software
DKI,DarkIris Inc.,2058584,7372,Services-Prepackaged Software
Q,"Qnity Electronics, Inc.",2058873,3674,Semiconductors & Related Devices
NTSK,Netskope Inc,2063196,7372,Services-Prepackaged Software
LOGC,ContextLogic Holdings Inc.,2064307,5961,Retail-Catalog & Mail-Order Houses
GBH,Gigabit Inc.,2066522,7370,"Services-Computer Programming, Data Processing, Etc."
GDNT,Guident Corp.,2066926,7372,Services-Prepackaged Software
ALD,"Altech Digital Co., Ltd.",2067715,7371,Services-Computer Programming Services
GLOO,"Gloo Holdings, Inc.",2069785,7374,Services-Computer Processing & Data Preparation
KLK,Klook Technology Ltd,2071502,7372,Services-Prepackaged Software
EVON,EvoNexus Group LTD,2075036,7370,"Services-Computer Programming, Data Processing, Etc."
BRAI,Braiin Ltd,2076975,7374,Services-Computer Processing & Data Preparation
ZSSK,ZHONGSHANG TECHNOLOGY INC,2080711,7372,Services-Prepackaged Software
XYJG,XYJ TECHNOLOGY Corp,2084388,7374,Services-Computer Processing & Data Preparation
